aa1,吖
aa2,啞
aa3,呀
aa4,N/A
aa5,咓
aa6,掗
aai1,唉
aai2,N/A
aai3,嗌
aai4,N/A
aai5,N/A
aai6,N/A
aak1,呃
aak2,鈪
aak3,N/A
aak4,N/A
aak5,N/A
aak6,N/A
aam1,啱
aam2,N/A
aam3,N/A
aam4,N/A
aam5,N/A
aam6,N/A
aan1,N/A
aan2,N/A
aan3,晏
aan4,N/A
aan5,N/A
aan6,N/A
aang1,罌
aang2,N/A
aang3,N/A
aang4,N/A
aang5,N/A
aang6,N/A
aap1,N/A
aap2,鴨
aap3,鴨
aap4,N/A
aap5,N/A
aap6,N/A
aat1,N/A
aat2,N/A
aat3,壓
aat4,N/A
aat5,N/A
aat6,N/A
aau1,囿
aau2,N/A
aau3,坳
aau4,N/A
aau5,N/A
aau6,N/A
ai1,哎
ai2,矮
ai3,翳
ai4,N/A
ai5,N/A
ai6,N/A
ak1,握
ak2,N/A
ak3,N/A
ak4,N/A
ak5,N/A
ak6,N/A
am1,奄
am2,黯
am3,暗
am4,扲
am5,N/A
am6,喑
an1,N/A
an2,N/A
an3,䟴
an4,N/A
an5,N/A
an6,N/A
ang1,鶯
ang2,哽
ang3,N/A
ang4,N/A
ang5,N/A
ang6,N/A
ap1,噏
ap2,N/A
ap3,N/A
ap4,N/A
ap5,N/A
ap6,N/A
at1,遏
at2,N/A
at3,N/A
at4,N/A
at5,N/A
at6,N/A
au1,歐
au2,嘔
au3,毆
au4,N/A
au5,N/A
au6,N/A
baa1,爸
baa2,把
baa3,霸
baa4,爸
baa5,N/A
baa6,罷
baai1,掰
baai2,擺
baai3,拜
baai4,N/A
baai5,N/A
baai6,敗
baak1,廹
baak2,N/A
baak3,百
baak4,N/A
baak5,N/A
baak6,白
baan1,班
baan2,辦
baan3,N/A
baan4,N/A
baan5,N/A
baan6,辦
baang1,繃
baang2,N/A
baang3,N/A
baang4,呯
baang5,N/A
baang6,唪
baat1,N/A
baat2,N/A
baat3,八
baat4,N/A
baat5,N/A
baat6,N/A
baau1,包
baau2,飽
baau3,爆
baau4,N/A
baau5,N/A
baau6,齙
bai1,跛
bai2,N/A
bai3,閉
bai4,N/A
bai5,N/A
bai6,幣
bak1,北
bak2,N/A
bak3,N/A
bak4,N/A
bak5,N/A
bak6,N/A
bam1,乓
bam2,N/A
bam3,N/A
bam4,N/A
bam5,N/A
bam6,N/A
ban1,賓
ban2,品
ban3,鬢
ban4,N/A
ban5,N/A
ban6,笨
bang1,崩
bang2,N/A
bang3,N/A
bang4,N/A
bang5,N/A
bang6,憑
bat1,不
bat2,N/A
bat3,N/A
bat4,N/A
bat5,N/A
bat6,拔
be1,啤
be2,N/A
be3,N/A
be4,N/A
be5,N/A
be6,N/A
bei1,悲
bei2,俾
bei3,秘
bei4,N/A
bei5,N/A
bei6,被
beng1,N/A
beng2,餅
beng3,柄
beng4,呯
beng5,N/A
beng6,病
bet1,N/A
bet2,N/A
bet3,N/A
bet4,癟
bet5,N/A
bet6,癟
bi1,咇
bi2,N/A
bi3,N/A
bi4,嗶
bi5,N/A
bi6,N/A
bik1,迫
bik2,N/A
bik3,N/A
bik4,N/A
bik5,N/A
bik6,N/A
bin1,邊
bin2,貶
bin3,變
bin4,N/A
bin5,N/A
bin6,便
bing1,兵
bing2,丙
bing3,併
bing4,乒
bing5,N/A
bing6,並
bit1,必
bit2,N/A
bit3,鱉
bit4,N/A
bit5,N/A
bit6,別
biu1,標
biu2,表
biu3,N/A
biu4,N/A
biu5,N/A
biu6,N/A
bo1,波
bo2,N/A
bo3,播
bo4,N/A
bo5,N/A
bo6,N/A
bok1,扑
bok2,N/A
bok3,博
bok4,N/A
bok5,N/A
bok6,薄
bong1,幫
bong2,綁
bong3,N/A
bong4,N/A
bong5,N/A
bong6,磅
bou1,煲
bou2,保
bou3,報
bou4,N/A
bou5,N/A
bou6,部
bui1,杯
bui2,焙
bui3,背
bui4,N/A
bui5,N/A
bui6,焙
buk1,卜
buk2,N/A
buk3,N/A
buk4,N/A
buk5,N/A
buk6,僕
bun1,般
bun2,本
bun3,半
bun4,N/A
bun5,N/A
bun6,伴
bung1,N/A
bung2,捧
bung3,N/A
bung4,N/A
bung5,N/A
bung6,埲
but1,砵
but2,N/A
but3,缽
but4,N/A
but5,N/A
but6,撥
caa1,差
caa2,扠
caa3,岔
caa4,查
caa5,扠
caa6,N/A
caai1,差
caai2,踩
caai3,N/A
caai4,柴
caai5,N/A
caai6,N/A
caak1,測
caak2,N/A
caak3,拆
caak4,嚓
caak5,N/A
caak6,賊
caam1,參
caam2,慘
caam3,懺
caam4,慚
caam5,巉
caam6,儳
caan1,餐
caan2,產
caan3,燦
caan4,殘
caan5,N/A
caan6,N/A
caang1,撐
caang2,橙
caang3,撐
caang4,倀
caang5,N/A
caang6,N/A
caap1,N/A
caap2,N/A
caap3,插
caap4,N/A
caap5,N/A
caap6,N/A
caat1,N/A
caat2,刷
caat3,察
caat4,嚓
caat5,N/A
caat6,N/A
caau1,抄
caau2,炒
caau3,摷
caau4,皺
caau5,N/A
caau6,N/A
cai1,妻
cai2,N/A
cai3,砌
cai4,齊
cai5,鱭
cai6,N/A
cak1,測
cak2,N/A
cak3,N/A
cak4,N/A
cak5,N/A
cak6,N/A
cam1,侵
cam2,寢
cam3,噚
cam4,沉
cam5,N/A
cam6,N/A
can1,親
can2,診
can3,趁
can4,陳
can5,N/A
can6,N/A
cang1,N/A
cang2,N/A
cang3,N/A
cang4,層
cang5,N/A
cang6,N/A
cap1,輯
cap2,N/A
cap3,N/A
cap4,N/A
cap5,N/A
cap6,N/A
cat1,七
cat2,N/A
cat3,N/A
cat4,N/A
cat5,N/A
cat6,柒
cau1,抽
cau2,醜
cau3,臭
cau4,籌
cau5,N/A
cau6,N/A
ce1,車
ce2,且
ce3,斜
ce4,邪
ce5,N/A
ce6,N/A
cek1,N/A
cek2,N/A
cek3,赤
cek4,N/A
cek5,N/A
cek6,N/A
ceng1,青
ceng2,請
ceng3,N/A
ceng4,N/A
ceng5,N/A
ceng6,N/A
ceoi1,吹
ceoi2,取
ceoi3,趣
ceoi4,除
ceoi5,N/A
ceoi6,N/A
ceon1,春
ceon2,蠢
ceon3,N/A
ceon4,秦
ceon5,N/A
ceon6,N/A
ceot1,出
ceot2,N/A
ceot3,N/A
ceot4,N/A
ceot5,N/A
ceot6,N/A
ci1,痴
ci2,始
ci3,次
ci4,詞
ci5,似
ci6,N/A
cik1,戚
cik2,N/A
cik3,N/A
cik4,N/A
cik5,N/A
cik6,N/A
cim1,簽
cim2,N/A
cim3,僭
cim4,潛
cim5,N/A
cim6,N/A
cin1,千
cin2,錢
cin3,N/A
cin4,前
cin5,踐
cin6,N/A
cing1,清
cing2,請
cing3,秤
cing4,情
cing5,N/A
cing6,N/A
cip1,N/A
cip2,N/A
cip3,妾
cip4,N/A
cip5,N/A
cip6,N/A
cit1,彳
cit2,N/A
cit3,切
cit4,N/A
cit5,N/A
cit6,N/A
ciu1,超
ciu2,N/A
ciu3,悄
ciu4,朝
ciu5,N/A
ciu6,N/A
co1,初
co2,楚
co3,錯
co4,鋤
co5,坐
co6,N/A
coek1,啅
coek2,N/A
coek3,綽
coek4,N/A
coek5,N/A
coek6,N/A
coeng1,槍
coeng2,搶
coeng3,唱
coeng4,長
coeng5,N/A
coeng6,N/A
coet1,亍
coet2,N/A
coet3,N/A
coet4,N/A
coet5,N/A
coet6,N/A
coi1,啋
coi2,彩
coi3,賽
coi4,才
coi5,N/A
coi6,N/A
cok1,戳
cok2,N/A
cok3,戳
cok4,N/A
cok5,N/A
cok6,N/A
cong1,倉
cong2,廠
cong3,創
cong4,床
cong5,N/A
cong6,N/A
cou1,粗
cou2,草
cou3,措
cou4,嘈
cou5,N/A
cou6,N/A
cuk1,速
cuk2,N/A
cuk3,N/A
cuk4,N/A
cuk5,N/A
cuk6,N/A
cung1,衝
cung2,寵
cung3,揰
cung4,重
cung5,重
cung6,銃
cyu1,N/A
cyu2,杵
cyu3,處
cyu4,廚
cyu5,處
cyu6,N/A
cyun1,穿
cyun2,喘
cyun3,串
cyun4,全
cyun5,N/A
cyun6,N/A
cyut1,N/A
cyut2,N/A
cyut3,撮
cyut4,N/A
cyut5,N/A
cyut6,N/A
daa1,N/A
daa2,打
daa3,N/A
daa4,N/A
daa5,N/A
daa6,N/A
daai1,獃
daai2,帶
daai3,帶
daai4,襶
daai5,N/A
daai6,大
daak1,咑
daak2,N/A
daak3,N/A
daak4,N/A
daak5,N/A
daak6,咑
daam1,擔
daam2,膽
daam3,擔
daam4,N/A
daam5,N/A
daam6,淡
daan1,單
daan2,彈
daan3,誕
daan4,N/A
daan5,N/A
daan6,但
daap1,嗒
daap2,N/A
daap3,答
daap4,N/A
daap5,N/A
daap6,疊
daat1,N/A
daat2,N/A
daat3,躂
daat4,N/A
daat5,N/A
daat6,達
dai1,低
dai2,底
dai3,帝
dai4,N/A
dai5,N/A
dai6,第
dak1,得
dak2,N/A
dak3,N/A
dak4,N/A
dak5,N/A
dak6,特
dam1,耽
dam2,揼
dam3,髧
dam4,氹
dam5,N/A
dam6,趻
dan1,墩
dan2,躉
dan3,扽
dan4,N/A
dan5,N/A
dan6,沌
dang1,登
dang2,等
dang3,凳
dang4,N/A
dang5,N/A
dang6,鄧
dap1,耷
dap2,N/A
dap3,N/A
dap4,N/A
dap5,N/A
dap6,揼
dat1,咄
dat2,N/A
dat3,N/A
dat4,N/A
dat5,N/A
dat6,突
dau1,兜
dau2,豆
dau3,鬥
dau4,N/A
dau5,N/A
dau6,豆
de1,嗲
de2,嗲
de3,N/A
de4,N/A
de5,N/A
de6,N/A
dei1,N/A
dei2,哋
dei3,N/A
dei4,N/A
dei5,N/A
dei6,地
dek1,N/A
dek2,笛
dek3,趯
dek4,N/A
dek5,N/A
dek6,笛
deng1,釘
deng2,頂
deng3,掟
deng4,N/A
deng5,N/A
deng6,訂
deoi1,堆
deoi2,隊
deoi3,對
deoi4,N/A
deoi5,N/A
deoi6,隊
deon1,敦
deon2,N/A
deon3,炖
deon4,N/A
deon5,N/A
deon6,頓
dep1,嗒
dep2,N/A
dep3,N/A
dep4,N/A
dep5,N/A
dep6,N/A
det1,N/A
det2,N/A
det3,N/A
det4,𢴈
det5,N/A
det6,N/A
di1,啲
di2,N/A
di3,N/A
di4,N/A
di5,N/A
di6,N/A
dik1,的
dik2,N/A
dik3,N/A
dik4,N/A
dik5,N/A
dik6,敵
dim1,玷
dim2,點
dim3,店
dim4,N/A
dim5,N/A
dim6,掂
din1,癲
din2,典
din3,N/A
din4,N/A
din5,N/A
din6,電
ding1,丁
ding2,頂
ding3,椗
ding4,N/A
ding5,N/A
ding6,定
dip1,N/A
dip2,碟
dip3,N/A
dip4,N/A
dip5,N/A
dip6,疊
dit1,尐
dit2,N/A
dit3,跌
dit4,N/A
dit5,N/A
dit6,秩
diu1,丟
diu2,屌
diu3,吊
diu4,N/A
diu5,N/A
diu6,調
do1,多
do2,朵
do3,N/A
do4,N/A
do5,N/A
do6,墮
doe1,哆
doe2,N/A
doe3,N/A
doe4,哚
doe5,N/A
doe6,N/A
doek1,剁
doek2,N/A
doek3,琢
doek4,N/A
doek5,N/A
doek6,N/A
doeng1,啄
doeng2,N/A
doeng3,N/A
doeng4,N/A
doeng5,N/A
doeng6,N/A
doi1,崽
doi2,袋
doi3,N/A
doi4,N/A
doi5,N/A
doi6,代
dok1,N/A
dok2,N/A
dok3,N/A
dok4,N/A
dok5,N/A
dok6,踱
dong1,當
dong2,黨
dong3,當
dong4,N/A
dong5,N/A
dong6,蕩
dou1,都
dou2,倒
dou3,到
dou4,N/A
dou5,N/A
dou6,度
duk1,篤
duk2,N/A
duk3,N/A
duk4,N/A
duk5,N/A
duk6,讀
dung1,東
dung2,懂
dung3,凍
dung4,N/A
dung5,N/A
dung6,動
dut1,嘟
dut2,N/A
dut3,N/A
dut4,N/A
dut5,N/A
dut6,N/A
dyun1,端
dyun2,短
dyun3,鍛
dyun4,N/A
dyun5,N/A
dyun6,斷
dyut1,嘟
dyut2,N/A
dyut3,N/A
dyut4,N/A
dyut5,N/A
dyut6,奪
e1,𡃀
e2,欸
e3,N/A
e4,誒
e5,N/A
e6,誒
ei1,a
ei2,N/A
ei3,N/A
ei4,N/A
ei5,N/A
ei6,N/A
ek1,N/A
ek2,H
ek3,N/A
ek4,N/A
ek5,N/A
ek6,齧
em1,m
em2,N/A
em3,N/A
em4,N/A
em5,N/A
em6,N/A
en1,N
en2,N/A
en3,N/A
en4,N/A
en5,N/A
en6,N/A
et1,N/A
et2,N/A
et3,䊦
et4,N/A
et5,N/A
et6,N/A
eu1,L
eu2,N/A
eu3,N/A
eu4,N/A
eu5,N/A
eu6,N/A
faa1,花
faa2,N/A
faa3,化
faa4,N/A
faa5,N/A
faa6,N/A
faai1,N/A
faai2,N/A
faai3,快
faai4,N/A
faai5,N/A
faai6,N/A
faak1,N/A
faak2,N/A
faak3,𢪎
faak4,N/A
faak5,N/A
faak6,N/A
faan1,返
faan2,反
faan3,泛
faan4,煩
faan5,氾
faan6,飯
faat1,N/A
faat2,N/A
faat3,發
faat4,N/A
faat5,N/A
faat6,N/A
fai1,揮
fai2,痱
fai3,費
fai4,N/A
fai5,N/A
fai6,吠
fan1,分
fan2,粉
fan3,訓
fan4,焚
fan5,奮
fan6,分
fang1,N/A
fang2,N/A
fang3,N/A
fang4,揈
fang5,N/A
fang6,N/A
fat1,忽
fat2,N/A
fat3,N/A
fat4,N/A
fat5,N/A
fat6,佛
fau1,N/A
fau2,否
fau3,N/A
fau4,浮
fau5,N/A
fau6,埠
fe1,啡
fe2,N/A
fe3,N/A
fe4,淝
fe5,N/A
fe6,N/A
fei1,非
fei2,匪
fei3,N/A
fei4,肥
fei5,N/A
fei6,翡
fing1,N/A
fing2,N/A
fing3,N/A
fing4,N/A
fing5,N/A
fing6,揈
fit1,弗
fit2,N/A
fit3,N/A
fit4,N/A
fit5,N/A
fit6,N/A
fo1,科
fo2,火
fo3,貨
fo4,N/A
fo5,N/A
fo6,N/A
fok1,N/A
fok2,N/A
fok3,霍
fok4,N/A
fok5,N/A
fok6,N/A
fong1,方
fong2,房
fong3,放
fong4,房
fong5,N/A
fong6,N/A
fu1,呼
fu2,苦
fu3,副
fu4,乎
fu5,婦
fu6,負
fui1,灰
fui2,N/A
fui3,悔
fui4,N/A
fui5,N/A
fui6,N/A
fuk1,福
fuk2,N/A
fuk3,N/A
fuk4,N/A
fuk5,N/A
fuk6,服
fun1,歡
fun2,款
fun3,N/A
fun4,N/A
fun5,N/A
fun6,N/A
fung1,風
fung2,俸
fung3,諷
fung4,逢
fung5,N/A
fung6,奉
fut1,N/A
fut2,N/A
fut3,闊
fut4,N/A
fut5,N/A
fut6,N/A
gaa1,家
gaa2,架
gaa3,架
gaa4,㗎
gaa5,N/A
gaa6,N/A
gaai1,街
gaai2,解
gaai3,界
gaai4,N/A
gaai5,N/A
gaai6,N/A
gaak1,N/A
gaak2,N/A
gaak3,格
gaak4,N/A
gaak5,N/A
gaak6,N/A
gaam1,監
gaam2,減
gaam3,監
gaam4,N/A
gaam5,N/A
gaam6,N/A
gaan1,間
gaan2,簡
gaan3,間
gaan4,N/A
gaan5,N/A
gaan6,N/A
gaang1,更
gaang2,N/A
gaang3,挭
gaang4,N/A
gaang5,N/A
gaang6,N/A
gaap1,N/A
gaap2,鴿
gaap3,夾
gaap4,N/A
gaap5,N/A
gaap6,N/A
gaat1,N/A
gaat2,N/A
gaat3,N/A
gaat4,N/A
gaat5,N/A
gaat6,甴
gaau1,交
gaau2,搞
gaau3,覺
gaau4,N/A
gaau5,N/A
gaau6,N/A
gai1,雞
gai2,偈
gai3,繼
gai4,N/A
gai5,N/A
gai6,N/A
gam1,今
gam2,咁
gam3,咁
gam4,黚
gam5,N/A
gam6,撳
gan1,根
gan2,緊
gan3,覲
gan4,N/A
gan5,N/A
gan6,近
gang1,更
gang2,梗
gang3,N/A
gang4,N/A
gang5,N/A
gang6,N/A
gap1,急
gap2,N/A
gap3,N/A
gap4,N/A
gap5,N/A
gap6,𥄫
gat1,吉
gat2,N/A
gat3,N/A
gat4,屹
gat5,N/A
gat6,屹
gau1,鳩
gau2,九
gau3,夠
gau4,N/A
gau5,N/A
gau6,舊
ge1,N/A
ge2,N/A
ge3,嘅
ge4,N/A
ge5,N/A
ge6,N/A
gei1,機
gei2,幾
gei3,既
gei4,N/A
gei5,N/A
gei6,技
geng1,驚
geng2,頸
geng3,鏡
geng4,N/A
geng5,N/A
geng6,儆
geoi1,居
geoi2,舉
geoi3,句
geoi4,N/A
geoi5,N/A
geoi6,具
gi1,嘰
gi2,N/A
gi3,N/A
gi4,嘰
gi5,N/A
gi6,N/A
gik1,擊
gik2,N/A
gik3,N/A
gik4,N/A
gik5,N/A
gik6,極
gim1,兼
gim2,檢
gim3,劍
gim4,N/A
gim5,N/A
gim6,儉
gin1,堅
gin2,件
gin3,見
gin4,N/A
gin5,N/A
gin6,件
ging1,經
ging2,竟
ging3,勁
ging4,N/A
ging5,N/A
ging6,勁
gip1,喼
gip2,N/A
gip3,劫
gip4,N/A
gip5,N/A
gip6,挾
git1,N/A
git2,N/A
git3,結
git4,N/A
git5,N/A
git6,傑
giu1,嬌
giu2,矯
giu3,叫
giu4,N/A
giu5,N/A
giu6,撬
go1,歌
go2,嗰
go3,個
go4,箇
go5,N/A
go6,箇
goe1,啹
goe2,N/A
goe3,鋸
goe4,啹
goe5,N/A
goe6,N/A
goek1,N/A
goek2,N/A
goek3,腳
goek4,N/A
goek5,N/A
goek6,N/A
goeng1,僵
goeng2,N/A
goeng3,N/A
goeng4,N/A
goeng5,N/A
goeng6,N/A
goi1,該
goi2,改
goi3,蓋
goi4,N/A
goi5,N/A
goi6,N/A
gok1,咯
gok2,N/A
gok3,覺
gok4,咯
gok5,N/A
gok6,咯
gon1,乾
gon2,趕
gon3,幹
gon4,N/A
gon5,N/A
gon6,N/A
gong1,江
gong2,講
gong3,降
gong4,N/A
gong5,N/A
gong6,䚗
got1,N/A
got2,N/A
got3,割
got4,N/A
got5,N/A
got6,N/A
gou1,高
gou2,稿
gou3,告
gou4,N/A
gou5,N/A
gou6,N/A
gu1,孤
gu2,估
gu3,故
gu4,咕
gu5,N/A
gu6,N/A
gui1,N/A
gui2,N/A
gui3,N/A
gui4,N/A
gui5,N/A
gui6,攰
guk1,谷
guk2,局
guk3,N/A
guk4,N/A
guk5,N/A
guk6,局
gun1,觀
gun2,管
gun3,冠
gun4,N/A
gun5,N/A
gun6,N/A
gung1,公
gung2,鞏
gung3,貢
gung4,N/A
gung5,N/A
gung6,共
gut1,N/A
gut2,嗗
gut3,N/A
gut4,嗗
gut5,N/A
gut6,嗗
gwaa1,瓜
gwaa2,寡
gwaa3,掛
gwaa4,N/A
gwaa5,N/A
gwaa6,N/A
gwaai1,乖
gwaai2,拐
gwaai3,怪
gwaai4,N/A
gwaai5,N/A
gwaai6,N/A
gwaak1,N/A
gwaak2,N/A
gwaak3,摑
gwaak4,N/A
gwaak5,N/A
gwaak6,N/A
gwaan1,關
gwaan2,N/A
gwaan3,慣
gwaan4,N/A
gwaan5,N/A
gwaan6,N/A
gwaang1,N/A
gwaang2,N/A
gwaang3,逛
gwaang4,N/A
gwaang5,N/A
gwaang6,N/A
gwaat1,N/A
gwaat2,N/A
gwaat3,刮
gwaat4,N/A
gwaat5,N/A
gwaat6,N/A
gwai1,歸
gwai2,鬼
gwai3,貴
gwai4,N/A
gwai5,N/A
gwai6,櫃
gwak1,N/A
gwak2,N/A
gwak3,N/A
gwak4,N/A
gwak5,N/A
gwak6,摑
gwan1,軍
gwan2,滾
gwan3,棍
gwan4,N/A
gwan5,N/A
gwan6,郡
gwang1,轟
gwang2,N/A
gwang3,N/A
gwang4,N/A
gwang5,N/A
gwang6,摑
gwat1,骨
gwat2,N/A
gwat3,N/A
gwat4,N/A
gwat5,N/A
gwat6,掘
gwe1,𠺌
gwe2,N/A
gwe3,N/A
gwe4,N/A
gwe5,N/A
gwe6,N/A
gwek1,N/A
gwek2,N/A
gwek3,N/A
gwek4,呱
gwek5,N/A
gwek6,N/A
gwing1,N/A
gwing2,炯
gwing3,N/A
gwing4,N/A
gwing5,N/A
gwing6,N/A
gwo1,戈
gwo2,果
gwo3,過
gwo4,N/A
gwo5,N/A
gwo6,N/A
gwok1,N/A
gwok2,N/A
gwok3,國
gwok4,N/A
gwok5,N/A
gwok6,N/A
gwong1,光
gwong2,廣
gwong3,N/A
gwong4,N/A
gwong5,N/A
gwong6,N/A
gyun1,捐
gyun2,卷
gyun3,券
gyun4,N/A
gyun5,N/A
gyun6,倦
gyut1,N/A
gyut2,N/A
gyut3,N/A
gyut4,N/A
gyut5,N/A
gyut6,橛
haa1,哈
haa2,嗄
haa3,N/A
haa4,暇
haa5,吓
haa6,下
haai1,揩
haai2,N/A
haai3,N/A
haai4,孩
haai5,蟹
haai6,械
haak1,刻
haak2,N/A
haak3,客
haak4,N/A
haak5,N/A
haak6,N/A
haam1,N/A
haam2,餡
haam3,喊
haam4,鹹
haam5,N/A
haam6,陷
haan1,慳
haan2,N/A
haan3,N/A
haan4,閒
haan5,N/A
haan6,限
haang1,坑
haang2,N/A
haang3,N/A
haang4,行
haang5,N/A
haang6,N/A
haap1,N/A
haap2,盒
haap3,狹
haap4,N/A
haap5,N/A
haap6,狹
haau1,敲
haau2,考
haau3,孝
haau4,姣
haau5,N/A
haau6,校
hai1,閪
hai2,喺
hai3,N/A
hai4,孩
hai5,N/A
hai6,係
hak1,刻
hak2,N/A
hak3,N/A
hak4,N/A
hak5,N/A
hak6,N/A
ham1,堪
ham2,撼
ham3,磡
ham4,含
ham5,頷
ham6,陷
han1,N/A
han2,很
han3,N/A
han4,痕
han5,N/A
han6,恨
hang1,哼
hang2,肯
hang3,N/A
hang4,行
hang5,N/A
hang6,幸
hap1,恰
hap2,盒
hap3,N/A
hap4,N/A
hap5,N/A
hap6,合
hat1,乞
hat2,N/A
hat3,N/A
hat4,N/A
hat5,N/A
hat6,核
hau1,吼
hau2,口
hau3,N/A
hau4,喉
hau5,厚
hau6,後
he1,N/A
he2,嚱
he3,N/A
he4,N/A
he5,N/A
he6,N/A
hei1,希
hei2,起
hei3,氣
hei4,N/A
hei5,唏
hei6,N/A
hek1,N/A
hek2,N/A
hek3,吃
hek4,N/A
hek5,N/A
hek6,N/A
heng1,輕
heng2,N/A
heng3,N/A
heng4,N/A
heng5,N/A
heng6,N/A
heoi1,虛
heoi2,許
heoi3,去
heoi4,N/A
heoi5,N/A
heoi6,N/A
hi1,嘻
hi2,N/A
hi3,N/A
hi4,N/A
hi5,N/A
hi6,N/A
him1,謙
him2,險
him3,欠
him4,N/A
him5,N/A
him6,N/A
hin1,牽
hin2,顯
hin3,獻
hin4,N/A
hin5,N/A
hin6,N/A
hing1,輕
hing2,N/A
hing3,興
hing4,N/A
hing5,脛
hing6,N/A
hip1,瞸
hip2,N/A
hip3,歉
hip4,N/A
hip5,N/A
hip6,協
hit1,N/A
hit2,N/A
hit3,歇
hit4,N/A
hit5,N/A
hit6,N/A
hiu1,囂
hiu2,曉
hiu3,竅
hiu4,N/A
hiu5,N/A
hiu6,N/A
hm1,哼
hm2,N/A
hm3,N/A
hm4,N/A
hm5,N/A
hm6,N/A
hng1,哼
hng2,N/A
hng3,N/A
hng4,N/A
hng5,N/A
hng6,N/A
ho1,呵
ho2,可
ho3,N/A
ho4,何
ho5,N/A
ho6,賀
hoe1,靴
hoe2,N/A
hoe3,N/A
hoe4,㗾
hoe5,N/A
hoe6,N/A
hoeng1,香
hoeng2,響
hoeng3,向
hoeng4,N/A
hoeng5,N/A
hoeng6,N/A
hoi1,開
hoi2,海
hoi3,N/A
hoi4,N/A
hoi5,N/A
hoi6,害
hok1,N/A
hok2,鶴
hok3,殼
hok4,N/A
hok5,N/A
hok6,學
hon1,看
hon2,罕
hon3,看
hon4,韓
hon5,捍
hon6,汗
hong1,康
hong2,巷
hong3,烘
hong4,航
hong5,N/A
hong6,項
hot1,N/A
hot2,N/A
hot3,喝
hot4,N/A
hot5,N/A
hot6,N/A
hou1,蒿
hou2,好
hou3,耗
hou4,毫
hou5,N/A
hou6,號
huk1,哭
huk2,N/A
huk3,N/A
huk4,N/A
huk5,N/A
huk6,酷
hung1,空
hung2,恐
hung3,控
hung4,紅
hung5,N/A
hung6,汞
hyun1,圈
hyun2,犬
hyun3,勸
hyun4,N/A
hyun5,N/A
hyun6,N/A
hyut1,N/A
hyut2,N/A
hyut3,血
hyut4,N/A
hyut5,N/A
hyut6,N/A
ik1,噎
ik2,N/A
ik3,N/A
ik4,N/A
ik5,N/A
ik6,e
jaa1,N/A
jaa2,N/A
jaa3,N/A
jaa4,N/A
jaa5,也
jaa6,廿
jaai1,N/A
jaai2,踩
jaai3,N/A
jaai4,N/A
jaai5,N/A
jaai6,N/A
jaak1,N/A
jaak2,N/A
jaak3,吔
jaak4,N/A
jaak5,N/A
jaak6,N/A
jaam1,N/A
jaam2,蘸
jaam3,N/A
jaam4,N/A
jaam5,蘸
jaam6,N/A
jaang1,N/A
jaang2,N/A
jaang3,𨅝
jaang4,N/A
jaang5,N/A
jaang6,N/A
jaap1,N/A
jaap2,N/A
jaap3,擪
jaap4,N/A
jaap5,N/A
jaap6,擪
jaau1,囿
jaau2,N/A
jaau3,N/A
jaau4,N/A
jaau5,N/A
jaau6,N/A
jai1,曳
jai2,N/A
jai3,N/A
jai4,曳
jai5,曳
jai6,曳
jam1,音
jam2,飲
jam3,蔭
jam4,淫
jam5,N/A
jam6,任
jan1,因
jan2,忍
jan3,印
jan4,人
jan5,引
jan6,孕
jap1,泣
jap2,N/A
jap3,N/A
jap4,N/A
jap5,N/A
jap6,入
jat1,一
jat2,N/A
jat3,N/A
jat4,N/A
jat5,N/A
jat6,日
jau1,優
jau2,友
jau3,幼
jau4,由
jau5,有
jau6,又
je1,N/A
je2,㖿
je3,N/A
je4,爺
je5,嘢
je6,夜
jen1,円
jen2,N/A
jen3,N/A
jen4,N/A
jen5,N/A
jen6,N/A
jeng1,N/A
jeng2,N/A
jeng3,N/A
jeng4,贏
jeng5,N/A
jeng6,N/A
jeoi1,錐
jeoi2,N/A
jeoi3,N/A
jeoi4,N/A
jeoi5,蕊
jeoi6,銳
jeon1,N/A
jeon2,潤
jeon3,N/A
jeon4,N/A
jeon5,N/A
jeon6,潤
ji1,依
ji2,咦
ji3,意
ji4,而
ji5,以
ji6,二
jik1,益
jik2,N/A
jik3,N/A
jik4,N/A
jik5,N/A
jik6,亦
jim1,奄
jim2,掩
jim3,厭
jim4,嚴
jim5,染
jim6,驗
jin1,煙
jin2,演
jin3,宴
jin4,然
jin5,N/A
jin6,現
jing1,英
jing2,影
jing3,應
jing4,仍
jing5,盈
jing6,認
jip1,N/A
jip2,N/A
jip3,醃
jip4,N/A
jip5,N/A
jip6,業
jit1,N/A
jit2,N/A
jit3,䊦
jit4,N/A
jit5,N/A
jit6,熱
jiu1,腰
jiu2,擾
jiu3,要
jiu4,搖
jiu5,N/A
jiu6,耀
jo1,喲
jo2,N/A
jo3,唷
jo4,N/A
jo5,N/A
jo6,N/A
joek1,N/A
joek2,N/A
joek3,約
joek4,N/A
joek5,N/A
joek6,若
joeng1,央
joeng2,樣
joeng3,N/A
joeng4,陽
joeng5,養
joeng6,樣
ju1,U
ju2,N/A
ju3,N/A
ju4,N/A
ju5,N/A
ju6,N/A
juk1,郁
juk2,褥
juk3,N/A
juk4,N/A
juk5,N/A
juk6,肉
jung1,翁
jung2,擁
jung3,N/A
jung4,容
jung5,勇
jung6,用
jyu1,於
jyu2,魚
jyu3,酗
jyu4,如
jyu5,語
jyu6,愈
jyun1,冤
jyun2,院
jyun3,怨
jyun4,完
jyun5,遠
jyun6,願
jyut1,N/A
jyut2,N/A
jyut3,乙
jyut4,N/A
jyut5,N/A
jyut6,月
kaa1,卡
kaa2,N/A
kaa3,N/A
kaa4,咔
kaa5,N/A
kaa6,N/A
kaai1,凱
kaai2,楷
kaai3,𢬿
kaai4,𢬿
kaai5,N/A
kaai6,N/A
kaan1,N/A
kaan2,坎
kaan3,N/A
kaan4,N/A
kaan5,N/A
kaan6,N/A
kaat1,卡
kaat2,N/A
kaat3,N/A
kaat4,N/A
kaat5,N/A
kaat6,N/A
kaau1,N/A
kaau2,N/A
kaau3,靠
kaau4,N/A
kaau5,N/A
kaau6,N/A
kai1,稽
kai2,啟
kai3,契
kai4,N/A
kai5,N/A
kai6,N/A
kak1,咳
kak2,N/A
kak3,N/A
kak4,N/A
kak5,N/A
kak6,N/A
kam1,襟
kam2,冚
kam3,N/A
kam4,琴
kam5,妗
kam6,N/A
kan1,N/A
kan2,芹
kan3,N/A
kan4,勤
kan5,N/A
kan6,N/A
kang1,N/A
kang2,哽
kang3,掯
kang4,N/A
kang5,N/A
kang6,N/A
kap1,級
kap2,N/A
kap3,N/A
kap4,N/A
kap5,N/A
kap6,及
kat1,咳
kat2,N/A
kat3,N/A
kat4,N/A
kat5,N/A
kat6,N/A
kau1,溝
kau2,N/A
kau3,構
kau4,求
kau5,舅
kau6,N/A
ke1,茄
ke2,茄
ke3,N/A
ke4,騎
ke5,N/A
ke6,N/A
kei1,崎
kei2,棋
kei3,冀
kei4,其
kei5,企
kei6,N/A
kek1,N/A
kek2,N/A
kek3,N/A
kek4,N/A
kek5,N/A
kek6,劇
kem1,N/A
kem2,N/A
kem3,N/A
kem4,拑
kem5,N/A
kem6,N/A
keng1,N/A
keng2,N/A
keng3,N/A
keng4,擎
keng5,N/A
keng6,N/A
keoi1,區
keoi2,蟝
keoi3,N/A
keoi4,渠
keoi5,佢
keoi6,N/A
keu1,N/A
keu2,N/A
keu3,N/A
keu4,𠵇
keu5,N/A
keu6,N/A
kik1,棘
kik2,N/A
kik3,N/A
kik4,N/A
kik5,N/A
kik6,N/A
kim1,N/A
kim2,鉗
kim3,N/A
kim4,鉗
kim5,N/A
kim6,N/A
kin1,N/A
kin2,㨴
kin3,N/A
kin4,虔
kin5,N/A
kin6,N/A
king1,傾
king2,頃
king3,N/A
king4,瓊
king5,頃
king6,N/A
kit1,N/A
kit2,N/A
kit3,揭
kit4,N/A
kit5,N/A
kit6,N/A
kiu1,Q
kiu2,橋
kiu3,竅
kiu4,橋
kiu5,翹
kiu6,N/A
koe1,N/A
koe2,N/A
koe3,紶
koe4,瘸
koe5,N/A
koe6,N/A
koek1,N/A
koek2,N/A
koek3,卻
koek4,N/A
koek5,N/A
koek6,噱
koeng1,N/A
koeng2,蔃
koeng3,N/A
koeng4,強
koeng5,強
koeng6,N/A
koi1,N/A
koi2,N/A
koi3,概
koi4,N/A
koi5,N/A
koi6,N/A
kok1,搉
kok2,N/A
kok3,確
kok4,N/A
kok5,N/A
kok6,N/A
kong1,N/A
kong2,N/A
kong3,抗
kong4,N/A
kong5,N/A
kong6,N/A
ku1,箍
ku2,N/A
ku3,N/A
ku4,N/A
ku5,N/A
ku6,N/A
kui1,N/A
kui2,潰
kui3,N/A
kui4,N/A
kui5,N/A
kui6,N/A
kuk1,曲
kuk2,N/A
kuk3,N/A
kuk4,N/A
kuk5,N/A
kuk6,N/A
kung1,藭
kung2,N/A
kung3,N/A
kung4,窮
kung5,N/A
kung6,N/A
kut1,N/A
kut2,N/A
kut3,括
kut4,N/A
kut5,N/A
kut6,N/A
kwaa1,誇
kwaa2,褂
kwaa3,N/A
kwaa4,N/A
kwaa5,N/A
kwaa6,N/A
kwaak1,框
kwaak2,N/A
kwaak3,N/A
kwaak4,N/A
kwaak5,N/A
kwaak6,N/A
kwaang1,框
kwaang2,N/A
kwaang3,逛
kwaang4,N/A
kwaang5,N/A
kwaang6,N/A
kwai1,規
kwai2,饋
kwai3,N/A
kwai4,攜
kwai5,愧
kwai6,饋
kwan1,鈞
kwan2,菌
kwan3,困
kwan4,群
kwan5,N/A
kwan6,N/A
kwang1,N/A
kwang2,N/A
kwang3,纊
kwang4,N/A
kwang5,N/A
kwang6,N/A
kwik1,隙
kwik2,N/A
kwik3,N/A
kwik4,N/A
kwik5,N/A
kwik6,N/A
kwok1,N/A
kwok2,N/A
kwok3,擴
kwok4,N/A
kwok5,N/A
kwok6,N/A
kwong1,N/A
kwong2,N/A
kwong3,擴
kwong4,狂
kwong5,N/A
kwong6,N/A
kyun1,N/A
kyun2,N/A
kyun3,N/A
kyun4,權
kyun5,N/A
kyun6,N/A
kyut1,N/A
kyut2,N/A
kyut3,決
kyut4,N/A
kyut5,N/A
kyut6,N/A
laa1,啦
laa2,嗱
laa3,喇
laa4,嗱
laa5,N/A
laa6,N/A
laai1,拉
laai2,舐
laai3,癩
laai4,癩
laai5,N/A
laai6,賴
laak1,嘞
laak2,N/A
laak3,嘞
laak4,N/A
laak5,N/A
laak6,勒
laam1,N/A
laam2,攬
laam3,檻
laam4,藍
laam5,攬
laam6,濫
laan1,欄
laan2,懶
laan3,N/A
laan4,蘭
laan5,懶
laan6,爛
laang1,冷
laang2,N/A
laang3,N/A
laang4,唥
laang5,冷
laang6,N/A
laap1,N/A
laap2,N/A
laap3,擸
laap4,N/A
laap5,N/A
laap6,立
laat1,N/A
laat2,N/A
laat3,瘌
laat4,N/A
laat5,N/A
laat6,辣
laau1,N/A
laau2,摎
laau3,N/A
laau4,N/A
laau5,N/A
laau6,N/A
lai1,N/A
lai2,戾
lai3,N/A
lai4,嚟
lai5,禮
lai6,例
lak1,犖
lak2,N/A
lak3,N/A
lak4,N/A
lak5,N/A
lak6,勒
lam1,冧
lam2,N/A
lam3,冧
lam4,林
lam5,凜
lam6,㨆
lan1,N/A
lan2,撚
lan3,N/A
lan4,𠹹
lan5,N/A
lan6,N/A
lang1,螂
lang2,N/A
lang3,掕
lang4,N/A
lang5,棱
lang6,N/A
lap1,粒
lap2,N/A
lap3,N/A
lap4,N/A
lap5,N/A
lap6,立
lat1,甩
lat2,N/A
lat3,N/A
lat4,N/A
lat5,N/A
lat6,N/A
lau1,褸
lau2,樓
lau3,嘍
lau4,流
lau5,柳
lau6,漏
le1,N/A
le2,捩
le3,N/A
le4,咧
le5,咧
le6,N/A
lei1,哩
lei2,梨
lei3,N/A
lei4,嚟
lei5,理
lei6,利
lek1,叻
lek2,N/A
lek3,N/A
lek4,N/A
lek5,N/A
lek6,壢
lem1,N/A
lem2,舔
lem3,N/A
lem4,N/A
lem5,N/A
lem6,N/A
leng1,𡃁
leng2,N/A
leng3,靚
leng4,鯪
leng5,領
leng6,N/A
leoi1,摞
leoi2,摞
leoi3,N/A
leoi4,雷
leoi5,裡
leoi6,類
leon1,噒
leon2,卵
leon3,N/A
leon4,輪
leon5,N/A
leon6,論
leot1,N/A
leot2,率
leot3,N/A
leot4,N/A
leot5,N/A
leot6,律
leu1,寥
leu2,N/A
leu3,N/A
leu4,N/A
leu5,N/A
leu6,N/A
li1,哩
li2,N/A
li3,N/A
li4,N/A
li5,N/A
li6,N/A
lik1,叻
lik2,N/A
lik3,N/A
lik4,N/A
lik5,N/A
lik6,力
lim1,廉
lim2,簾
lim3,N/A
lim4,廉
lim5,臉
lim6,歛
lin1,姩
lin2,鍊
lin3,N/A
lin4,連
lin5,摙
lin6,練
ling1,拎
ling2,苓
ling3,呤
ling4,零
ling5,領
ling6,令
lip1,𨋢
lip2,N/A
lip3,N/A
lip4,N/A
lip5,N/A
lip6,獵
lit1,N/A
lit2,N/A
lit3,纈
lit4,N/A
lit5,N/A
lit6,列
liu1,撩
liu2,料
liu3,N/A
liu4,聊
liu5,了
liu6,料
lo1,囉
lo2,攞
lo3,𤓓
lo4,羅
lo5,N/A
lo6,N/A
loe1,𦧲
loe2,𦧲
loe3,N/A
loe4,N/A
loe5,N/A
loe6,N/A
loek1,掠
loek2,N/A
loek3,N/A
loek4,N/A
loek5,N/A
loek6,略
loeng1,N/A
loeng2,両
loeng3,N/A
loeng4,良
loeng5,兩
loeng6,量
loi1,N/A
loi2,N/A
loi3,N/A
loi4,來
loi5,N/A
loi6,N/A
lok1,𡁆
lok2,N/A
lok3,絡
lok4,N/A
lok5,N/A
lok6,落
long1,啷
long2,郎
long3,晾
long4,郎
long5,朗
long6,浪
lou1,撈
lou2,佬
lou3,嚕
lou4,勞
lou5,老
lou6,路
luk1,碌
luk2,鹿
luk3,N/A
luk4,N/A
luk5,N/A
luk6,六
lung1,窿
lung2,籠
lung3,N/A
lung4,龍
lung5,壟
lung6,弄
lyun1,鬈
lyun2,戀
lyun3,N/A
lyun4,聯
lyun5,N/A
lyun6,亂
lyut1,嘟
lyut2,N/A
lyut3,劣
lyut4,N/A
lyut5,N/A
lyut6,劣
m1,N/A
m2,嗯
m3,嗯
m4,唔
m5,伍
m6,誤
maa1,媽
maa2,N/A
maa3,嘛
maa4,麻
maa5,嘛
maa6,罵
maai1,N/A
maai2,N/A
maai3,N/A
maai4,埋
maai5,買
maai6,賣
maak1,N/A
maak2,N/A
maak3,擘
maak4,N/A
maak5,N/A
maak6,N/A
maan1,扳
maan2,N/A
maan3,N/A
maan4,蠻
maan5,晚
maan6,慢
maang1,繃
maang2,蜢
maang3,N/A
maang4,盲
maang5,猛
maang6,孟
maat1,N/A
maat2,N/A
maat3,抹
maat4,N/A
maat5,N/A
maat6,N/A
maau1,貓
maau2,N/A
maau3,N/A
maau4,矛
maau5,牡
maau6,貌
mai1,咪
mai2,N/A
mai3,N/A
mai4,迷
mai5,米
mai6,袂
mak1,嘜
mak2,癦
mak3,N/A
mak4,N/A
mak5,N/A
mak6,默
mam1,𩜠
mam2,N/A
mam3,N/A
mam4,N/A
mam5,N/A
mam6,N/A
man1,蚊
man2,抆
man3,抆
man4,文
man5,敏
man6,問
mang1,掹
mang2,忟
mang3,𠵼
mang4,盟
mang5,N/A
mang6,N/A
mat1,乜
mat2,N/A
mat3,N/A
mat4,N/A
mat5,N/A
mat6,物
mau1,踎
mau2,N/A
mau3,N/A
mau4,謀
mau5,某
mau6,謬
me1,咩
me2,歪
me3,N/A
me4,N/A
me5,N/A
me6,N/A
mei1,瞇
mei2,味
mei3,N/A
mei4,微
mei5,美
mei6,未
meng1,N/A
meng2,名
meng3,N/A
meng4,N/A
meng5,N/A
meng6,命
meu1,喵
meu2,N/A
meu3,N/A
meu4,N/A
meu5,N/A
meu6,N/A
mi1,咪
mi2,N/A
mi3,N/A
mi4,N/A
mi5,N/A
mi6,N/A
mik1,N/A
mik2,N/A
mik3,N/A
mik4,N/A
mik5,N/A
mik6,覓
min1,N/A
min2,面
min3,N/A
min4,眠
min5,免
min6,面
ming1,N/A
ming2,N/A
ming3,冥
ming4,明
ming5,銘
ming6,命
mit1,搣
mit2,N/A
mit3,N/A
mit4,N/A
mit5,N/A
mit6,滅
miu1,N/A
miu2,廟
miu3,N/A
miu4,描
miu5,秒
miu6,妙
mo1,麼
mo2,摸
mo3,N/A
mo4,磨
mo5,N/A
mo6,N/A
mok1,剝
mok2,膜
mok3,N/A
mok4,N/A
mok5,N/A
mok6,幕
mong1,芒
mong2,N/A
mong3,N/A
mong4,忙
mong5,網
mong6,望
mou1,髦
mou2,母
mou3,N/A
mou4,無
mou5,冇
mou6,務
mui1,妹
mui2,妹
mui3,N/A
mui4,媒
mui5,每
mui6,昧
muk1,N/A
muk2,N/A
muk3,N/A
muk4,N/A
muk5,N/A
muk6,目
mun1,N/A
mun2,N/A
mun3,N/A
mun4,門
mun5,滿
mun6,悶
mung1,檬
mung2,懵
mung3,N/A
mung4,蒙
mung5,蠓
mung6,夢
mut1,N/A
mut2,N/A
mut3,抹
mut4,N/A
mut5,N/A
mut6,沒
naa1,疤
naa2,乸
naa3,N/A
naa4,拿
naa5,那
naa6,N/A
naai1,奶
naai2,N/A
naai3,𠮨
naai4,N/A
naai5,奶
naai6,N/A
naam1,N/A
naam2,N/A
naam3,揇
naam4,男
naam5,腩
naam6,N/A
naan1,N/A
naan2,赧
naan3,赧
naan4,難
naan5,N/A
naan6,難
naap1,N/A
naap2,N/A
naap3,呐
naap4,N/A
naap5,N/A
naap6,納
naat1,N/A
naat2,N/A
naat3,焫
naat4,N/A
naat5,N/A
naat6,捺
naau1,N/A
naau2,N/A
naau3,N/A
naau4,撓
naau5,N/A
naau6,鬧
nai1,N/A
nai2,N/A
nai3,N/A
nai4,泥
nai5,N/A
nai6,N/A
nak1,𪙛
nak2,N/A
nak3,N/A
nak4,N/A
nak5,N/A
nak6,N/A
nam1,N/A
nam2,諗
nam3,N/A
nam4,腍
nam5,稔
nam6,稔
nan1,N/A
nan2,撚
nan3,N/A
nan4,N/A
nan5,N/A
nan6,N/A
nang1,N/A
nang2,N/A
nang3,掕
nang4,能
nang5,N/A
nang6,N/A
nap1,粒
nap2,N/A
nap3,N/A
nap4,N/A
nap5,N/A
nap6,吶
nau1,嬲
nau2,扭
nau3,N/A
nau4,N/A
nau5,朽
nau6,耨
nei1,呢
nei2,N/A
nei3,N/A
nei4,尼
nei5,你
nei6,膩
neoi1,囡
neoi2,女
neoi3,N/A
neoi4,囡
neoi5,女
neoi6,N/A
neot1,N/A
neot2,N/A
neot3,N/A
neot4,N/A
neot5,N/A
neot6,鷸
ng1,N/A
ng2,N/A
ng3,N/A
ng4,吾
ng5,五
ng6,誤
ngaa1,鴉
ngaa2,N/A
ngaa3,N/A
ngaa4,牙
ngaa5,雅
ngaa6,訝
ngaai1,N/A
ngaai2,N/A
ngaai3,N/A
ngaai4,捱
ngaai5,N/A
ngaai6,艾
ngaak1,呃
ngaak2,額
ngaak3,N/A
ngaak4,N/A
ngaak5,N/A
ngaak6,額
ngaam1,啱
ngaam2,N/A
ngaam3,N/A
ngaam4,岩
ngaam5,N/A
ngaam6,N/A
ngaan1,N/A
ngaan2,N/A
ngaan3,N/A
ngaan4,顏
ngaan5,眼
ngaan6,雁
ngaang1,罌
ngaang2,N/A
ngaang3,N/A
ngaang4,N/A
ngaang5,N/A
ngaang6,硬
ngaat1,N/A
ngaat2,N/A
ngaat3,餲
ngaat4,N/A
ngaat5,N/A
ngaat6,N/A
ngaau1,𢯎
ngaau2,拗
ngaau3,坳
ngaau4,淆
ngaau5,咬
ngaau6,N/A
ngai1,囈
ngai2,矮
ngai3,翳
ngai4,危
ngai5,蟻
ngai6,藝
ngam1,N/A
ngam2,揞
ngam3,N/A
ngam4,吟
ngam5,N/A
ngam6,N/A
ngan1,奀
ngan2,銀
ngan3,扤
ngan4,銀
ngan5,N/A
ngan6,韌
ngang1,N/A
ngang2,𬒔
ngang3,N/A
ngang4,N/A
ngang5,N/A
ngang6,N/A
ngap1,噏
ngap2,N/A
ngap3,N/A
ngap4,N/A
ngap5,N/A
ngap6,岌
ngat1,扤
ngat2,N/A
ngat3,N/A
ngat4,N/A
ngat5,N/A
ngat6,兀
ngau1,勾
ngau2,N/A
ngau3,漚
ngau4,牛
ngau5,偶
ngau6,吽
nge1,𡃀
nge2,N/A
nge3,N/A
nge4,N/A
nge5,N/A
nge6,N/A
ngek1,N/A
ngek2,N/A
ngek3,N/A
ngek4,N/A
ngek5,N/A
ngek6,齧
nget1,N/A
nget2,N/A
nget3,N/A
nget4,兀
nget5,N/A
nget6,兀
ngi1,咿
ngi2,N/A
ngi3,N/A
ngi4,咦
ngi5,N/A
ngi6,N/A
ngo1,N/A
ngo2,N/A
ngo3,N/A
ngo4,哦
ngo5,我
ngo6,餓
ngoi1,N/A
ngoi2,藹
ngoi3,N/A
ngoi4,呆
ngoi5,N/A
ngoi6,外
ngok1,N/A
ngok2,N/A
ngok3,N/A
ngok4,N/A
ngok5,N/A
ngok6,樂
ngon1,N/A
ngon2,N/A
ngon3,N/A
ngon4,N/A
ngon5,N/A
ngon6,岸
ngong1,N/A
ngong2,N/A
ngong3,䐥
ngong4,昂
ngong5,昂
ngong6,戇
ngou1,擙
ngou2,N/A
ngou3,N/A
ngou4,熬
ngou5,N/A
ngou6,傲
ngung1,壅
ngung2,㧬
ngung3,䐥
ngung4,N/A
ngung5,N/A
ngung6,N/A
ni1,呢
ni2,N/A
ni3,N/A
ni4,N/A
ni5,N/A
ni6,N/A
nik1,匿
nik2,N/A
nik3,N/A
nik4,t
nik5,N/A
nik6,疒
nim1,黏
nim2,N/A
nim3,N/A
nim4,鯰
nim5,N/A
nim6,念
nin1,姩
nin2,捻
nin3,N/A
nin4,年
nin5,輾
nin6,N/A
ning1,拎
ning2,檸
ning3,N/A
ning4,寧
ning5,N/A
ning6,擰
nip1,𠱃
nip2,N/A
nip3,N/A
nip4,N/A
nip5,N/A
nip6,捏
niu1,嫋
niu2,N/A
niu3,N/A
niu4,N/A
niu5,鳥
niu6,尿
no1,N/A
no2,娜
no3,N/A
no4,挪
no5,N/A
no6,懦
noeng1,N/A
noeng2,孃
noeng3,N/A
noeng4,娘
noeng5,N/A
noeng6,N/A
noi1,N/A
noi2,N/A
noi3,N/A
noi4,N/A
noi5,N/A
noi6,內
nok1,N/A
nok2,N/A
nok3,N/A
nok4,N/A
nok5,N/A
nok6,諾
nong1,瓤
nong2,N/A
nong3,N/A
nong4,囊
nong5,N/A
nong6,N/A
nou1,N/A
nou2,N/A
nou3,N/A
nou4,奴
nou5,腦
nou6,怒
nung1,燶
nung2,N/A
nung3,N/A
nung4,農
nung5,N/A
nung6,N/A
nyun1,N/A
nyun2,N/A
nyun3,N/A
nyun4,N/A
nyun5,暖
nyun6,嫩
o1,屙
o2,婀
o3,N/A
o4,哦
o5,N/A
o6,a
oek1,N/A
oek2,N/A
oek3,N/A
oek4,嗝
oek5,N/A
oek6,N/A
oet1,N/A
oet2,N/A
oet3,N/A
oet4,嗝
oet5,N/A
oet6,嗝
oi1,哀
oi2,曖
oi3,愛
oi4,N/A
oi5,N/A
oi6,N/A
ok1,N/A
ok2,N/A
ok3,惡
ok4,N/A
ok5,N/A
ok6,N/A
on1,安
on2,N/A
on3,案
on4,N/A
on5,N/A
on6,N/A
ong1,N/A
ong2,N/A
ong3,盎
ong4,N/A
ong5,N/A
ong6,N/A
ou1,蒿
ou2,N/A
ou3,澳
ou4,N/A
ou5,N/A
ou6,N/A
paa1,趴
paa2,扒
paa3,怕
paa4,爬
paa5,N/A
paa6,N/A
paai1,N/A
paai2,牌
paai3,派
paai4,排
paai5,N/A
paai6,N/A
paak1,啪
paak2,N/A
paak3,拍
paak4,啪
paak5,N/A
paak6,N/A
paan1,攀
paan2,N/A
paan3,盼
paan4,N/A
paan5,N/A
paan6,N/A
paang1,烹
paang2,N/A
paang3,N/A
paang4,彭
paang5,棒
paang6,N/A
paau1,拋
paau2,跑
paau3,炮
paau4,庖
paau5,N/A
paau6,豹
pai1,批
pai2,N/A
pai3,N/A
pai4,N/A
pai5,N/A
pai6,N/A
pan1,N/A
pan2,N/A
pan3,噴
pan4,頻
pan5,N/A
pan6,N/A
pang1,N/A
pang2,N/A
pang3,N/A
pang4,朋
pang5,N/A
pang6,N/A
pat1,匹
pat2,N/A
pat3,N/A
pat4,N/A
pat5,N/A
pat6,N/A
pau1,N/A
pau2,N/A
pau3,婄
pau4,N/A
pau5,N/A
pau6,N/A
pe1,N/A
pe2,N/A
pe3,N/A
pe4,N/A
pe5,圮
pe6,N/A
pei1,披
pei2,鄙
pei3,譬
pei4,皮
pei5,被
pei6,N/A
pek1,噼
pek2,N/A
pek3,劈
pek4,N/A
pek5,N/A
pek6,擗
peng1,拼
peng2,N/A
peng3,N/A
peng4,呯
peng5,N/A
peng6,N/A
pet1,噼
pet2,N/A
pet3,N/A
pet4,N/A
pet5,N/A
pet6,擗
peu1,N/A
peu2,N/A
peu3,N/A
peu4,N/A
peu5,N/A
peu6,膨
pi1,p
pi2,N/A
pi3,N/A
pi4,N/A
pi5,N/A
pi6,N/A
pik1,僻
pik2,N/A
pik3,N/A
pik4,N/A
pik5,N/A
pik6,N/A
pin1,篇
pin2,片
pin3,遍
pin4,駢
pin5,N/A
pin6,N/A
ping1,砰
ping2,N/A
ping3,拼
ping4,平
ping5,N/A
ping6,N/A
pit1,N/A
pit2,N/A
pit3,撇
pit4,N/A
pit5,N/A
pit6,N/A
piu1,飄
piu2,薸
piu3,票
piu4,嫖
piu5,剽
piu6,N/A
po1,棵
po2,婆
po3,破
po4,婆
po5,N/A
po6,N/A
pok1,噗
pok2,N/A
pok3,撲
pok4,N/A
pok5,N/A
pok6,N/A
pong1,膀
pong2,N/A
pong3,N/A
pong4,旁
pong5,謗
pong6,N/A
pou1,鋪
pou2,普
pou3,舖
pou4,埔
pou5,抱
pou6,N/A
pui1,N/A
pui2,N/A
pui3,配
pui4,陪
pui5,倍
pui6,N/A
puk1,仆
puk2,N/A
puk3,N/A
puk4,N/A
puk5,N/A
puk6,N/A
pun1,潘
pun2,盤
pun3,判
pun4,盤
pun5,N/A
pun6,N/A
pung1,N/A
pung2,捧
pung3,碰
pung4,蓬
pung5,N/A
pung6,N/A
put1,N/A
put2,N/A
put3,潑
put4,N/A
put5,N/A
put6,N/A
saa1,沙
saa2,灑
saa3,挲
saa4,N/A
saa5,N/A
saa6,N/A
saai1,嘥
saai2,徙
saai3,晒
saai4,哂
saai5,N/A
saai6,N/A
saam1,三
saam2,N/A
saam3,N/A
saam4,N/A
saam5,N/A
saam6,N/A
saan1,山
saan2,散
saan3,散
saan4,潺
saan5,N/A
saan6,N/A
saang1,生
saang2,省
saang3,N/A
saang4,N/A
saang5,N/A
saang6,N/A
saap1,N/A
saap2,N/A
saap3,圾
saap4,N/A
saap5,N/A
saap6,澀
saat1,N/A
saat2,N/A
saat3,殺
saat4,N/A
saat5,N/A
saat6,N/A
saau1,筲
saau2,稍
saau3,哨
saau4,睄
saau5,N/A
saau6,N/A
sai1,西
sai2,使
sai3,世
sai4,噬
sai5,N/A
sai6,誓
sak1,塞
sak2,N/A
sak3,N/A
sak4,N/A
sak5,N/A
sak6,N/A
sam1,心
sam2,審
sam3,滲
sam4,岑
sam5,N/A
sam6,甚
san1,身
san2,腎
san3,呻
san4,神
san5,腎
san6,慎
sang1,生
sang2,N/A
sang3,擤
sang4,鬙
sang5,N/A
sang6,N/A
sap1,濕
sap2,N/A
sap3,N/A
sap4,N/A
sap5,N/A
sap6,十
sat1,失
sat2,N/A
sat3,N/A
sat4,N/A
sat5,N/A
sat6,實
sau1,收
sau2,手
sau3,秀
sau4,仇
sau5,N/A
sau6,受
se1,些
se2,寫
se3,舍
se4,蛇
se5,社
se6,射
sei1,N/A
sei2,死
sei3,四
sei4,N/A
sei5,N/A
sei6,N/A
sek1,N/A
sek2,N/A
sek3,錫
sek4,N/A
sek5,N/A
sek6,石
seng1,聲
seng2,醒
seng3,鍟
seng4,N/A
seng5,N/A
seng6,N/A
seoi1,雖
seoi2,水
seoi3,歲
seoi4,誰
seoi5,粹
seoi6,睡
seon1,詢
seon2,筍
seon3,信
seon4,純
seon5,N/A
seon6,順
seot1,率
seot2,N/A
seot3,N/A
seot4,N/A
seot5,N/A
seot6,術
sep1,N/A
sep2,N/A
sep3,N/A
sep4,N/A
sep5,N/A
sep6,烚
set1,Z
set2,N/A
set3,N/A
set4,N/A
set5,N/A
set6,N/A
si1,思
si2,士
si3,試
si4,時
si5,試
si6,事
sik1,識
sik2,N/A
sik3,N/A
sik4,N/A
sik5,N/A
sik6,食
sim1,苫
sim2,閃
sim3,N/A
sim4,蟬
sim5,N/A
sim6,贍
sin1,先
sin2,冼
sin3,線
sin4,N/A
sin5,鱔
sin6,善
sing1,聲
sing2,醒
sing3,性
sing4,成
sing5,N/A
sing6,剩
sip1,N/A
sip2,N/A
sip3,涉
sip4,N/A
sip5,N/A
sip6,躡
sit1,N/A
sit2,N/A
sit3,洩
sit4,N/A
sit5,N/A
sit6,蝕
siu1,消
siu2,少
siu3,少
siu4,N/A
siu5,N/A
siu6,紹
so1,梳
so2,所
so3,N/A
so4,傻
so5,N/A
so6,N/A
soe1,N/A
soe2,瀡
soe3,N/A
soe4,瀡
soe5,N/A
soe6,N/A
soek1,N/A
soek2,N/A
soek3,削
soek4,N/A
soek5,N/A
soek6,N/A
soeng1,相
soeng2,想
soeng3,相
soeng4,常
soeng5,上
soeng6,上
soi1,腮
soi2,N/A
soi3,N/A
soi4,N/A
soi5,N/A
soi6,N/A
sok1,㩋
sok2,嗦
sok3,索
sok4,嗦
sok5,N/A
sok6,N/A
song1,喪
song2,爽
song3,喪
song4,N/A
song5,N/A
song6,N/A
sou1,蘇
sou2,嫂
sou3,數
sou4,N/A
sou5,N/A
sou6,N/A
suk1,叔
suk2,N/A
suk3,N/A
suk4,N/A
suk5,N/A
suk6,熟
sung1,鬆
sung2,聳
sung3,送
sung4,崇
sung5,N/A
sung6,N/A
syu1,書
syu2,鼠
syu3,恕
syu4,殊
syu5,N/A
syu6,樹
syun1,宣
syun2,選
syun3,算
syun4,船
syun5,吮
syun6,篆
syut1,𠽌
syut2,𠽌
syut3,說
syut4,N/A
syut5,N/A
syut6,N/A
taa1,他
taa2,N/A
taa3,N/A
taa4,N/A
taa5,N/A
taa6,N/A
taai1,軚
taai2,N/A
taai3,太
taai4,N/A
taai5,軚
taai6,N/A
taam1,貪
taam2,毯
taam3,探
taam4,談
taam5,淡
taam6,N/A
taan1,攤
taan2,坦
taan3,嘆
taan4,壇
taan5,N/A
taan6,N/A
taap1,N/A
taap2,N/A
taap3,塔
taap4,N/A
taap5,N/A
taap6,N/A
taat1,撻
taat2,N/A
taat3,撻
taat4,N/A
taat5,N/A
taat6,N/A
tai1,梯
tai2,睇
tai3,替
tai4,題
tai5,N/A
tai6,N/A
tam1,N/A
tam2,N/A
tam3,𠱁
tam4,氹
tam5,氹
tam6,N/A
tan1,吞
tan2,N/A
tan3,褪
tan4,騰
tan5,N/A
tan6,N/A
tang1,N/A
tang2,N/A
tang3,N/A
tang4,騰
tang5,N/A
tang6,N/A
tap1,佮
tap2,N/A
tap3,N/A
tap4,N/A
tap5,N/A
tap6,N/A
tau1,偷
tau2,抖
tau3,透
tau4,頭
tau5,N/A
tau6,N/A
tek1,N/A
tek2,N/A
tek3,踢
tek4,N/A
tek5,N/A
tek6,N/A
teng1,聽
teng2,N/A
teng3,N/A
teng4,N/A
teng5,艇
teng6,N/A
teoi1,推
teoi2,腿
teoi3,退
teoi4,頹
teoi5,N/A
teoi6,N/A
teon1,N/A
teon2,N/A
teon3,N/A
teon4,N/A
teon5,盾
teon6,N/A
ti1,T
ti2,N/A
ti3,N/A
ti4,N/A
ti5,N/A
ti6,N/A
tik1,剔
tik2,N/A
tik3,N/A
tik4,N/A
tik5,N/A
tik6,N/A
tim1,添
tim2,舔
tim3,N/A
tim4,甜
tim5,舔
tim6,N/A
tin1,天
tin2,腆
tin3,N/A
tin4,填
tin5,殄
tin6,N/A
ting1,烴
ting2,亭
ting3,聽
ting4,停
ting5,挺
ting6,N/A
tip1,N/A
tip2,帖
tip3,貼
tip4,N/A
tip5,N/A
tip6,N/A
tit1,N/A
tit2,N/A
tit3,鐵
tit4,N/A
tit5,N/A
tit6,N/A
tiu1,挑
tiu2,條
tiu3,跳
tiu4,條
tiu5,窕
tiu6,N/A
to1,拖
to2,砣
to3,N/A
to4,陀
to5,妥
to6,N/A
toe1,N/A
toe2,N/A
toe3,唾
toe4,N/A
toe5,唾
toe6,N/A
toeng1,l
toeng2,N/A
toeng3,N/A
toeng4,N/A
toeng5,N/A
toeng6,N/A
toi1,胎
toi2,枱
toi3,N/A
toi4,台
toi5,怠
toi6,N/A
tok1,N/A
tok2,N/A
tok3,托
tok4,N/A
tok5,N/A
tok6,N/A
tong1,湯
tong2,糖
tong3,燙
tong4,堂
tong5,淌
tong6,N/A
tou1,滔
tou2,土
tou3,套
tou4,圖
tou5,肚
tou6,N/A
tuk1,禿
tuk2,N/A
tuk3,N/A
tuk4,N/A
tuk5,N/A
tuk6,N/A
tung1,通
tung2,統
tung3,痛
tung4,同
tung5,N/A
tung6,N/A
tyun1,N/A
tyun2,N/A
tyun3,N/A
tyun4,團
tyun5,斷
tyun6,N/A
tyut1,N/A
tyut2,N/A
tyut3,脫
tyut4,N/A
tyut5,N/A
tyut6,N/A
uk1,屋
uk2,N/A
uk3,N/A
uk4,N/A
uk5,N/A
uk6,N/A
ung1,壅
ung2,㧬
ung3,甕
ung4,N/A
ung5,N/A
ung6,N/A
waa1,嘩
waa2,話
waa3,N/A
waa4,華
waa5,踝
waa6,話
waai1,歪
waai2,N/A
waai3,N/A
waai4,懷
waai5,N/A
waai6,壞
waak1,㗲
waak2,N/A
waak3,N/A
waak4,N/A
waak5,N/A
waak6,或
waan1,灣
waan2,玩
waan3,N/A
waan4,還
waan5,挽
waan6,幻
waang1,軭
waang2,N/A
waang3,N/A
waang4,橫
waang5,N/A
waang6,N/A
waat1,N/A
waat2,N/A
waat3,挖
waat4,N/A
waat5,N/A
waat6,滑
wai1,威
wai2,位
wai3,喂
wai4,為
wai5,偉
wai6,位
wan1,溫
wan2,搵
wan3,韞
wan4,雲
wan5,韻
wan6,運
wang1,N/A
wang2,N/A
wang3,N/A
wang4,宏
wang5,N/A
wang6,N/A
wat1,屈
wat2,N/A
wat3,N/A
wat4,N/A
wat5,N/A
wat6,核
we1,N/A
we2,𢱑
we3,N/A
we4,N/A
we5,N/A
we6,N/A
wi1,V
wi2,N/A
wi3,N/A
wi4,N/A
wi5,N/A
wi6,N/A
wik1,N/A
wik2,N/A
wik3,N/A
wik4,N/A
wik5,N/A
wik6,域
win1,W
win2,N/A
win3,N/A
win4,N/A
win5,N/A
win6,N/A
wing1,扔
wing2,N/A
wing3,N/A
wing4,榮
wing5,永
wing6,詠
wo1,窩
wo2,N/A
wo3,N/A
wo4,和
wo5,喎
wo6,禍
wok1,N/A
wok2,N/A
wok3,N/A
wok4,N/A
wok5,N/A
wok6,鑊
wong1,汪
wong2,枉
wong3,N/A
wong4,黃
wong5,往
wong6,旺
wu1,嗚
wu2,糊
wu3,噁
wu4,胡
wu5,N/A
wu6,護
wui1,猥
wui2,會
wui3,N/A
wui4,回
wui5,N/A
wui6,會
wun1,N/A
wun2,碗
wun3,N/A
wun4,援
wun5,莞
wun6,玩
wut1,N/A
wut2,N/A
wut3,N/A
wut4,N/A
wut5,N/A
wut6,活
zaa1,渣
zaa2,渣
zaa3,炸
zaa4,咋
zaa5,𠾵
zaa6,拃
zaai1,齋
zaai2,N/A
zaai3,債
zaai4,N/A
zaai5,N/A
zaai6,寨
zaak1,N/A
zaak2,宅
zaak3,責
zaak4,N/A
zaak5,N/A
zaak6,擇
zaam1,簪
zaam2,斬
zaam3,嶄
zaam4,N/A
zaam5,N/A
zaam6,站
zaan1,N/A
zaan2,賺
zaan3,讚
zaan4,N/A
zaan5,N/A
zaan6,賺
zaang1,爭
zaang2,N/A
zaang3,N/A
zaang4,N/A
zaang5,N/A
zaang6,掙
zaap1,N/A
zaap2,N/A
zaap3,札
zaap4,N/A
zaap5,N/A
zaap6,習
zaat1,N/A
zaat2,甴
zaat3,扎
zaat4,N/A
zaat5,N/A
zaat6,N/A
zaau1,嘲
zaau2,找
zaau3,罩
zaau4,N/A
zaau5,N/A
zaau6,驟
zai1,擠
zai2,仔
zai3,制
zai4,囝
zai5,N/A
zai6,滯
zak1,則
zak2,N/A
zak3,N/A
zak4,N/A
zak5,N/A
zak6,N/A
zam1,針
zam2,怎
zam3,浸
zam4,斟
zam5,N/A
zam6,朕
zan1,真
zan2,N/A
zan3,震
zan4,N/A
zan5,N/A
zan6,陣
zang1,爭
zang2,𤺧
zang3,N/A
zang4,N/A
zang5,N/A
zang6,贈
zap1,執
zap2,N/A
zap3,什
zap4,N/A
zap5,N/A
zap6,N/A
zat1,質
zat2,N/A
zat3,N/A
zat4,N/A
zat5,N/A
zat6,窒
zau1,周
zau2,走
zau3,晝
zau4,N/A
zau5,N/A
zau6,就
ze1,啫
ze2,者
ze3,借
ze4,嗟
ze5,這
ze6,謝
zei1,J
zei2,N/A
zei3,N/A
zei4,N/A
zei5,N/A
zei6,N/A
zek1,唧
zek2,N/A
zek3,隻
zek4,N/A
zek5,N/A
zek6,蓆
zeng1,N/A
zeng2,井
zeng3,正
zeng4,N/A
zeng5,N/A
zeng6,淨
zeoi1,追
zeoi2,嘴
zeoi3,最
zeoi4,N/A
zeoi5,N/A
zeoi6,罪
zeon1,津
zeon2,準
zeon3,進
zeon4,N/A
zeon5,N/A
zeon6,盡
zeot1,捽
zeot2,N/A
zeot3,N/A
zeot4,N/A
zeot5,N/A
zeot6,N/A
zep1,N/A
zep2,N/A
zep3,N/A
zep4,㗱
zep5,N/A
zep6,N/A
zeu1,𡁻
zeu2,N/A
zeu3,N/A
zeu4,N/A
zeu5,N/A
zeu6,噍
zi1,之
zi2,只
zi3,至
zi4,吱
zi5,N/A
zi6,自
zik1,即
zik2,N/A
zik3,N/A
zik4,N/A
zik5,N/A
zik6,直
zim1,尖
zim2,N/A
zim3,佔
zim4,N/A
zim5,N/A
zim6,漸
zin1,煎
zin2,展
zin3,戰
zin4,N/A
zin5,N/A
zin6,賤
zing1,精
zing2,整
zing3,正
zing4,N/A
zing5,N/A
zing6,靜
zip1,N/A
zip2,N/A
zip3,接
zip4,N/A
zip5,N/A
zip6,N/A
zit1,唧
zit2,N/A
zit3,節
zit4,N/A
zit5,N/A
zit6,截
ziu1,朝
ziu2,剿
ziu3,照
ziu4,N/A
ziu5,N/A
ziu6,召
zo1,佐
zo2,咗
zo3,N/A
zo4,N/A
zo5,N/A
zo6,坐
zoe1,啫
zoe2,N/A
zoe3,N/A
zoe4,朘
zoe5,N/A
zoe6,N/A
zoek1,N/A
zoek2,雀
zoek3,雀
zoek4,N/A
zoek5,N/A
zoek6,著
zoeng1,將
zoeng2,長
zoeng3,將
zoeng4,N/A
zoeng5,N/A
zoeng6,象
zoi1,災
zoi2,宰
zoi3,再
zoi4,N/A
zoi5,N/A
zoi6,在
zok1,N/A
zok2,N/A
zok3,作
zok4,N/A
zok5,N/A
zok6,昨
zong1,裝
zong2,N/A
zong3,壯
zong4,N/A
zong5,N/A
zong6,撞
zou1,租
zou2,早
zou3,灶
zou4,N/A
zou5,N/A
zou6,做
zuk1,足
zuk2,N/A
zuk3,N/A
zuk4,N/A
zuk5,N/A
zuk6,續
zung1,中
zung2,種
zung3,眾
zung4,N/A
zung5,N/A
zung6,仲
zyu1,豬
zyu2,主
zyu3,注
zyu4,N/A
zyu5,N/A
zyu6,住
zyun1,專
zyun2,轉
zyun3,轉
zyun4,N/A
zyun5,N/A
zyun6,N/A
zyut1,啜
zyut2,N/A
zyut3,拙
zyut4,N/A
zyut5,N/A
zyut6,絕
